{
  "metadata": {
    "timestamp": "2025-06-26T12:17:50.238Z",
    "nodeVersion": "v22.12.0",
    "platform": "win32",
    "arch": "x64",
    "fortifyVersion": "2.0.2",
    "zodVersion": "3.25.67"
  },
  "summary": {
    "totalTests": 4,
    "fortifyWins": 3,
    "zodWins": 1,
    "averageSpeedup": 8.990004594727605,
    "overallWinner": "Fortify Schema",
    "memoryUsage": {
      "totalMB": 9.541160583496094,
      "perSchemaKB": 9.7701484375
    }
  },
  "detailedResults": [
    {
      "testName": "Simple Schema",
      "winner": "Fortify",
      "speedup": 4.012528363115487,
      "fortify": {
        "totalTime": 47.33259999999996,
        "averageTime": 0.00047332599999999955,
        "operationsPerSecond": 2112708.7884460203
      },
      "zod": {
        "totalTime": 189.9233999999999,
        "averageTime": 0.001899233999999999,
        "operationsPerSecond": 526528.0634192524
      }
    },
    {
      "testName": "Complex Schema",
      "winner": "Fortify",
      "speedup": 28.367680877411257,
      "fortify": {
        "totalTime": 1.1305999999999585,
        "averageTime": 0.00022611999999999172,
        "operationsPerSecond": 4422430.5678402465
      },
      "zod": {
        "totalTime": 32.07249999999999,
        "averageTime": 0.006414499999999998,
        "operationsPerSecond": 155896.79632083565
      }
    },
    {
      "testName": "Array Schema",
      "winner": "Fortify",
      "speedup": 2.9095155456800943,
      "fortify": {
        "totalTime": 6.165700000000015,
        "averageTime": 0.0007707125000000019,
        "operationsPerSecond": 1297500.689297238
      },
      "zod": {
        "totalTime": 17.9391999999998,
        "averageTime": 0.002242399999999975,
        "operationsPerSecond": 445950.76703532424
      }
    },
    {
      "testName": "Union Types",
      "winner": "Zod",
      "speedup": 0.6702935927035762,
      "fortify": {
        "totalTime": 12.214200000000119,
        "averageTime": 0.0010178500000000098,
        "operationsPerSecond": 982463.034828305
      },
      "zod": {
        "totalTime": 8.1871000000001,
        "averageTime": 0.0006822583333333417,
        "operationsPerSecond": 1465720.4626790748
      }
    }
  ]
}