{
  "metadata": {
    "timestamp": "2025-06-23T11:07:37.136Z",
    "nodeVersion": "v22.12.0",
    "platform": "win32",
    "arch": "x64",
    "fortifyVersion": "1.0.0",
    "zodVersion": "3.25.67"
  },
  "summary": {
    "totalTests": 4,
    "fortifyWins": 3,
    "zodWins": 1,
    "averageSpeedup": 0.9171935656398523,
    "overallWinner": "Zod",
    "memoryUsage": {
      "totalMB": 9.576972961425781,
      "perSchemaKB": 9.8068203125
    }
  },
  "detailedResults": [
    {
      "testName": "Simple Schema",
      "winner": "Fortify",
      "speedup": 1.1876170319900552,
      "fortify": {
        "totalTime": 50.8408,
        "averageTime": 0.00508408,
        "operationsPerSecond": 196692.42026089283
      },
      "zod": {
        "totalTime": 60.379400000000004,
        "averageTime": 0.00603794,
        "operationsPerSecond": 165619.3999940377
      }
    },
    {
      "testName": "Complex Schema",
      "winner": "Fortify",
      "speedup": 1.0658287782446485,
      "fortify": {
        "totalTime": 72.61110000000002,
        "averageTime": 0.014522220000000004,
        "operationsPerSecond": 68859.99523488831
      },
      "zod": {
        "totalTime": 77.39100000000002,
        "averageTime": 0.015478200000000004,
        "operationsPerSecond": 64606.99564548848
      }
    },
    {
      "testName": "Array Schema",
      "winner": "Fortify",
      "speedup": 1.081868815490193,
      "fortify": {
        "totalTime": 41.15120000000002,
        "averageTime": 0.0051439000000000025,
        "operationsPerSecond": 194405.02342580524
      },
      "zod": {
        "totalTime": 44.520200000000045,
        "averageTime": 0.0055650250000000056,
        "operationsPerSecond": 179693.7120677803
      }
    },
    {
      "testName": "Union Types",
      "winner": "Zod",
      "speedup": 0.333459636834513,
      "fortify": {
        "totalTime": 27.183200000000056,
        "averageTime": 0.0022652666666666712,
        "operationsPerSecond": 441449.1303452123
      },
      "zod": {
        "totalTime": 9.064499999999953,
        "averageTime": 0.0007553749999999961,
        "operationsPerSecond": 1323845.7719675726
      }
    }
  ]
}